"","Code","NAME","Year","Income","Measure"
"1","E09000001","City of London",1999,40400,"Median"
"2","E09000002","Barking and Dagenham",1999,15100,"Median"
"3","E09000003","Barnet",1999,18700,"Median"
"4","E09000004","Bexley",1999,17200,"Median"
"5","E09000005","Brent",1999,16500,"Median"
"6","E09000006","Bromley",1999,18500,"Median"
"7","E09000007","Camden",1999,20500,"Median"
"8","E09000008","Croydon",1999,16700,"Median"
"9","E09000009","Ealing",1999,16400,"Median"
"10","E09000010","Enfield",1999,16100,"Median"
"11","E09000011","Greenwich",1999,16600,"Median"
"12","E09000012","Hackney",1999,14400,"Median"
"13","E09000013","Hammersmith and Fulham",1999,19900,"Median"
"14","E09000014","Haringey",1999,15000,"Median"
"15","E09000015","Harrow",1999,16600,"Median"
"16","E09000016","Havering",1999,14800,"Median"
"17","E09000017","Hillingdon",1999,16100,"Median"
"18","E09000018","Hounslow",1999,15200,"Median"
"19","E09000019","Islington",1999,19900,"Median"
"20","E09000020","Kensington and Chelsea",1999,18200,"Median"
"21","E09000021","Kingston upon Thames",1999,20900,"Median"
"22","E09000022","Lambeth",1999,15400,"Median"
"23","E09000023","Lewisham",1999,14900,"Median"
"24","E09000024","Merton",1999,19100,"Median"
"25","E09000025","Newham",1999,13300,"Median"
"26","E09000026","Redbridge",1999,17100,"Median"
"27","E09000027","Richmond upon Thames",1999,20900,"Median"
"28","E09000028","Southwark",1999,14600,"Median"
"29","E09000029","Sutton",1999,16400,"Median"
"30","E09000030","Tower Hamlets",1999,14200,"Median"
"31","E09000031","Waltham Forest",1999,15000,"Median"
"32","E09000032","Wandsworth",1999,18100,"Median"
"33","E09000033","Westminster",1999,17300,"Median"
"34","E12000001","North East",1999,12900,"Median"
"35","E12000002","North West",1999,13500,"Median"
"36","E12000003","Yorkshire and The Humber",1999,13400,"Median"
"37","E12000004","East Midlands",1999,13900,"Median"
"38","E12000005","West Midlands",1999,13800,"Median"
"39","E12000006","East",1999,15500,"Median"
"40","E12000007","London",1999,16600,"Median"
"41","E12000008","South East",1999,15700,"Median"
"42","E12000009","South West",1999,13800,"Median"
"43","E92000001","England",1999,14500,"Median"
"44","W92000004","Wales",1999,13400,"Median"
"45","S92000003","Scotland",1999,13900,"Median"
"46","N92000002","Northern Ireland",1999,13000,"Median"
"47","K02000001","United Kingdom",1999,14400,"Median"
"48","E09000001","City of London",2000,65000,"Median"
"49","E09000002","Barking and Dagenham",2000,15600,"Median"
"50","E09000003","Barnet",2000,19400,"Median"
"51","E09000004","Bexley",2000,17300,"Median"
"52","E09000005","Brent",2000,16800,"Median"
"53","E09000006","Bromley",2000,19500,"Median"
"54","E09000007","Camden",2000,19700,"Median"
"55","E09000008","Croydon",2000,17300,"Median"
"56","E09000009","Ealing",2000,17000,"Median"
"57","E09000010","Enfield",2000,15900,"Median"
"58","E09000011","Greenwich",2000,16000,"Median"
"59","E09000012","Hackney",2000,15800,"Median"
"60","E09000013","Hammersmith and Fulham",2000,19300,"Median"
"61","E09000014","Haringey",2000,16600,"Median"
"62","E09000015","Harrow",2000,19300,"Median"
"63","E09000016","Havering",2000,17000,"Median"
"64","E09000017","Hillingdon",2000,17100,"Median"
"65","E09000018","Hounslow",2000,16600,"Median"
"66","E09000019","Islington",2000,17600,"Median"
"67","E09000020","Kensington and Chelsea",2000,25200,"Median"
"68","E09000021","Kingston upon Thames",2000,18800,"Median"
"69","E09000022","Lambeth",2000,15300,"Median"
"70","E09000023","Lewisham",2000,15300,"Median"
"71","E09000024","Merton",2000,18400,"Median"
"72","E09000025","Newham",2000,14700,"Median"
"73","E09000026","Redbridge",2000,16900,"Median"
"74","E09000027","Richmond upon Thames",2000,21100,"Median"
"75","E09000028","Southwark",2000,15400,"Median"
"76","E09000029","Sutton",2000,17000,"Median"
"77","E09000030","Tower Hamlets",2000,16500,"Median"
"78","E09000031","Waltham Forest",2000,15100,"Median"
"79","E09000032","Wandsworth",2000,21000,"Median"
"80","E09000033","Westminster",2000,23000,"Median"
"81","E12000001","North East",2000,13200,"Median"
"82","E12000002","North West",2000,13900,"Median"
"83","E12000003","Yorkshire and The Humber",2000,13600,"Median"
"84","E12000004","East Midlands",2000,13900,"Median"
"85","E12000005","West Midlands",2000,14300,"Median"
"86","E12000006","East",2000,15800,"Median"
"87","E12000007","London",2000,17600,"Median"
"88","E12000008","South East",2000,16500,"Median"
"89","E12000009","South West",2000,14300,"Median"
"90","E92000001","England",2000,15000,"Median"
"91","W92000004","Wales",2000,13100,"Median"
"92","S92000003","Scotland",2000,14200,"Median"
"93","N92000002","Northern Ireland",2000,13400,"Median"
"94","K02000001","United Kingdom",2000,14800,"Median"
"95","E09000001","City of London",2001,38300,"Median"
"96","E09000002","Barking and Dagenham",2001,16200,"Median"
"97","E09000003","Barnet",2001,18700,"Median"
"98","E09000004","Bexley",2001,18300,"Median"
"99","E09000005","Brent",2001,16500,"Median"
"100","E09000006","Bromley",2001,19100,"Median"
"101","E09000007","Camden",2001,19800,"Median"
"102","E09000008","Croydon",2001,18300,"Median"
"103","E09000009","Ealing",2001,17500,"Median"
"104","E09000010","Enfield",2001,17500,"Median"
"105","E09000011","Greenwich",2001,18600,"Median"
"106","E09000012","Hackney",2001,17700,"Median"
"107","E09000013","Hammersmith and Fulham",2001,21000,"Median"
"108","E09000014","Haringey",2001,19100,"Median"
"109","E09000015","Harrow",2001,19300,"Median"
"110","E09000016","Havering",2001,17400,"Median"
"111","E09000017","Hillingdon",2001,17600,"Median"
"112","E09000018","Hounslow",2001,16500,"Median"
"113","E09000019","Islington",2001,18700,"Median"
"114","E09000020","Kensington and Chelsea",2001,25900,"Median"
"115","E09000021","Kingston upon Thames",2001,19500,"Median"
"116","E09000022","Lambeth",2001,18200,"Median"
"117","E09000023","Lewisham",2001,18000,"Median"
"118","E09000024","Merton",2001,18500,"Median"
"119","E09000025","Newham",2001,15300,"Median"
"120","E09000026","Redbridge",2001,17200,"Median"
"121","E09000027","Richmond upon Thames",2001,23400,"Median"
"122","E09000028","Southwark",2001,16900,"Median"
"123","E09000029","Sutton",2001,17600,"Median"
"124","E09000030","Tower Hamlets",2001,19100,"Median"
"125","E09000031","Waltham Forest",2001,16600,"Median"
"126","E09000032","Wandsworth",2001,21700,"Median"
"127","E09000033","Westminster",2001,21900,"Median"
"128","E12000001","North East",2001,14200,"Median"
"129","E12000002","North West",2001,14600,"Median"
"130","E12000003","Yorkshire and The Humber",2001,14600,"Median"
"131","E12000004","East Midlands",2001,14500,"Median"
"132","E12000005","West Midlands",2001,14800,"Median"
"133","E12000006","East",2001,16500,"Median"
"134","E12000007","London",2001,18500,"Median"
"135","E12000008","South East",2001,17200,"Median"
"136","E12000009","South West",2001,14900,"Median"
"137","E92000001","England",2001,15700,"Median"
"138","W92000004","Wales",2001,14400,"Median"
"139","S92000003","Scotland",2001,15200,"Median"
"140","N92000002","Northern Ireland",2001,14100,"Median"
"141","K02000001","United Kingdom",2001,15500,"Median"
"142","E09000001","City of London",2002,37000,"Median"
"143","E09000002","Barking and Dagenham",2002,17000,"Median"
"144","E09000003","Barnet",2002,19700,"Median"
"145","E09000004","Bexley",2002,17800,"Median"
"146","E09000005","Brent",2002,16400,"Median"
"147","E09000006","Bromley",2002,20100,"Median"
"148","E09000007","Camden",2002,21700,"Median"
"149","E09000008","Croydon",2002,18000,"Median"
"150","E09000009","Ealing",2002,18900,"Median"
"151","E09000010","Enfield",2002,18100,"Median"
"152","E09000011","Greenwich",2002,17000,"Median"
"153","E09000012","Hackney",2002,17300,"Median"
"154","E09000013","Hammersmith and Fulham",2002,20800,"Median"
"155","E09000014","Haringey",2002,17100,"Median"
"156","E09000015","Harrow",2002,19400,"Median"
"157","E09000016","Havering",2002,18300,"Median"
"158","E09000017","Hillingdon",2002,18800,"Median"
"159","E09000018","Hounslow",2002,18600,"Median"
"160","E09000019","Islington",2002,19100,"Median"
"161","E09000020","Kensington and Chelsea",2002,25400,"Median"
"162","E09000021","Kingston upon Thames",2002,20700,"Median"
"163","E09000022","Lambeth",2002,18800,"Median"
"164","E09000023","Lewisham",2002,17300,"Median"
"165","E09000024","Merton",2002,21200,"Median"
"166","E09000025","Newham",2002,15000,"Median"
"167","E09000026","Redbridge",2002,18700,"Median"
"168","E09000027","Richmond upon Thames",2002,23100,"Median"
"169","E09000028","Southwark",2002,17900,"Median"
"170","E09000029","Sutton",2002,17800,"Median"
"171","E09000030","Tower Hamlets",2002,19300,"Median"
"172","E09000031","Waltham Forest",2002,17200,"Median"
"173","E09000032","Wandsworth",2002,22000,"Median"
"174","E09000033","Westminster",2002,22800,"Median"
"175","E12000001","North East",2002,14400,"Median"
"176","E12000002","North West",2002,14900,"Median"
"177","E12000003","Yorkshire and The Humber",2002,14600,"Median"
"178","E12000004","East Midlands",2002,15200,"Median"
"179","E12000005","West Midlands",2002,15300,"Median"
"180","E12000006","East",2002,16900,"Median"
"181","E12000007","London",2002,18800,"Median"
"182","E12000008","South East",2002,17400,"Median"
"183","E12000009","South West",2002,15200,"Median"
"184","E92000001","England",2002,16000,"Median"
"185","W92000004","Wales",2002,14400,"Median"
"186","S92000003","Scotland",2002,15100,"Median"
"187","N92000002","Northern Ireland",2002,14200,"Median"
"188","K02000001","United Kingdom",2002,15800,"Median"
"189","E09000001","City of London",2003,39200,"Median"
"190","E09000002","Barking and Dagenham",2003,17400,"Median"
"191","E09000003","Barnet",2003,20000,"Median"
"192","E09000004","Bexley",2003,17700,"Median"
"193","E09000005","Brent",2003,16800,"Median"
"194","E09000006","Bromley",2003,21400,"Median"
"195","E09000007","Camden",2003,21300,"Median"
"196","E09000008","Croydon",2003,19000,"Median"
"197","E09000009","Ealing",2003,19400,"Median"
"198","E09000010","Enfield",2003,18200,"Median"
"199","E09000011","Greenwich",2003,17800,"Median"
"200","E09000012","Hackney",2003,17000,"Median"
"201","E09000013","Hammersmith and Fulham",2003,19600,"Median"
"202","E09000014","Haringey",2003,18800,"Median"
"203","E09000015","Harrow",2003,19600,"Median"
"204","E09000016","Havering",2003,18100,"Median"
"205","E09000017","Hillingdon",2003,18900,"Median"
"206","E09000018","Hounslow",2003,18900,"Median"
"207","E09000019","Islington",2003,21500,"Median"
"208","E09000020","Kensington and Chelsea",2003,24000,"Median"
"209","E09000021","Kingston upon Thames",2003,20100,"Median"
"210","E09000022","Lambeth",2003,20000,"Median"
"211","E09000023","Lewisham",2003,17000,"Median"
"212","E09000024","Merton",2003,19700,"Median"
"213","E09000025","Newham",2003,14500,"Median"
"214","E09000026","Redbridge",2003,19000,"Median"
"215","E09000027","Richmond upon Thames",2003,25600,"Median"
"216","E09000028","Southwark",2003,18200,"Median"
"217","E09000029","Sutton",2003,18400,"Median"
"218","E09000030","Tower Hamlets",2003,18300,"Median"
"219","E09000031","Waltham Forest",2003,16800,"Median"
"220","E09000032","Wandsworth",2003,22600,"Median"
"221","E09000033","Westminster",2003,23500,"Median"
"222","E12000001","North East",2003,14800,"Median"
"223","E12000002","North West",2003,14900,"Median"
"224","E12000003","Yorkshire and The Humber",2003,15100,"Median"
"225","E12000004","East Midlands",2003,15400,"Median"
"226","E12000005","West Midlands",2003,15400,"Median"
"227","E12000006","East",2003,16900,"Median"
"228","E12000007","London",2003,19100,"Median"
"229","E12000008","South East",2003,17800,"Median"
"230","E12000009","South West",2003,15600,"Median"
"231","E92000001","England",2003,16200,"Median"
"232","W92000004","Wales",2003,14600,"Median"
"233","S92000003","Scotland",2003,15500,"Median"
"234","N92000002","Northern Ireland",2003,14700,"Median"
"235","K02000001","United Kingdom",2003,16000,"Median"
"236","E09000001","City of London",2004,44400,"Median"
"237","E09000002","Barking and Dagenham",2004,16600,"Median"
"238","E09000003","Barnet",2004,19900,"Median"
"239","E09000004","Bexley",2004,17700,"Median"
"240","E09000005","Brent",2004,16500,"Median"
"241","E09000006","Bromley",2004,20900,"Median"
"242","E09000007","Camden",2004,23200,"Median"
"243","E09000008","Croydon",2004,18600,"Median"
"244","E09000009","Ealing",2004,19100,"Median"
"245","E09000010","Enfield",2004,17000,"Median"
"246","E09000011","Greenwich",2004,17100,"Median"
"247","E09000012","Hackney",2004,18000,"Median"
"248","E09000013","Hammersmith and Fulham",2004,20800,"Median"
"249","E09000014","Haringey",2004,18300,"Median"
"250","E09000015","Harrow",2004,19600,"Median"
"251","E09000016","Havering",2004,18600,"Median"
"252","E09000017","Hillingdon",2004,20400,"Median"
"253","E09000018","Hounslow",2004,18400,"Median"
"254","E09000019","Islington",2004,20800,"Median"
"255","E09000020","Kensington and Chelsea",2004,22400,"Median"
"256","E09000021","Kingston upon Thames",2004,20400,"Median"
"257","E09000022","Lambeth",2004,19900,"Median"
"258","E09000023","Lewisham",2004,18100,"Median"
"259","E09000024","Merton",2004,19400,"Median"
"260","E09000025","Newham",2004,15100,"Median"
"261","E09000026","Redbridge",2004,17800,"Median"
"262","E09000027","Richmond upon Thames",2004,24500,"Median"
"263","E09000028","Southwark",2004,17800,"Median"
"264","E09000029","Sutton",2004,18900,"Median"
"265","E09000030","Tower Hamlets",2004,19200,"Median"
"266","E09000031","Waltham Forest",2004,16600,"Median"
"267","E09000032","Wandsworth",2004,22000,"Median"
"268","E09000033","Westminster",2004,23100,"Median"
"269","E12000001","North East",2004,15000,"Median"
"270","E12000002","North West",2004,15500,"Median"
"271","E12000003","Yorkshire and The Humber",2004,15500,"Median"
"272","E12000004","East Midlands",2004,15900,"Median"
"273","E12000005","West Midlands",2004,15900,"Median"
"274","E12000006","East",2004,17400,"Median"
"275","E12000007","London",2004,19000,"Median"
"276","E12000008","South East",2004,18300,"Median"
"277","E12000009","South West",2004,15900,"Median"
"278","E92000001","England",2004,16600,"Median"
"279","W92000004","Wales",2004,15000,"Median"
"280","S92000003","Scotland",2004,16000,"Median"
"281","N92000002","Northern Ireland",2004,15400,"Median"
"282","K02000001","United Kingdom",2004,16400,"Median"
"283","E09000001","City of London",2005,49300,"Median"
"284","E09000002","Barking and Dagenham",2005,17900,"Median"
"285","E09000003","Barnet",2005,21200,"Median"
"286","E09000004","Bexley",2005,19400,"Median"
"287","E09000005","Brent",2005,17600,"Median"
"288","E09000006","Bromley",2005,22400,"Median"
"289","E09000007","Camden",2005,24200,"Median"
"290","E09000008","Croydon",2005,19600,"Median"
"291","E09000009","Ealing",2005,19000,"Median"
"292","E09000010","Enfield",2005,18900,"Median"
"293","E09000011","Greenwich",2005,18200,"Median"
"294","E09000012","Hackney",2005,19300,"Median"
"295","E09000013","Hammersmith and Fulham",2005,23000,"Median"
"296","E09000014","Haringey",2005,18800,"Median"
"297","E09000015","Harrow",2005,20700,"Median"
"298","E09000016","Havering",2005,20200,"Median"
"299","E09000017","Hillingdon",2005,20200,"Median"
"300","E09000018","Hounslow",2005,18800,"Median"
"301","E09000019","Islington",2005,22800,"Median"
"302","E09000020","Kensington and Chelsea",2005,27300,"Median"
"303","E09000021","Kingston upon Thames",2005,22400,"Median"
"304","E09000022","Lambeth",2005,20700,"Median"
"305","E09000023","Lewisham",2005,20000,"Median"
"306","E09000024","Merton",2005,20500,"Median"
"307","E09000025","Newham",2005,15200,"Median"
"308","E09000026","Redbridge",2005,20000,"Median"
"309","E09000027","Richmond upon Thames",2005,25800,"Median"
"310","E09000028","Southwark",2005,20000,"Median"
"311","E09000029","Sutton",2005,20200,"Median"
"312","E09000030","Tower Hamlets",2005,19800,"Median"
"313","E09000031","Waltham Forest",2005,17700,"Median"
"314","E09000032","Wandsworth",2005,24500,"Median"
"315","E09000033","Westminster",2005,27100,"Median"
"316","E12000001","North East",2005,15500,"Median"
"317","E12000002","North West",2005,16100,"Median"
"318","E12000003","Yorkshire and The Humber",2005,16200,"Median"
"319","E12000004","East Midlands",2005,16600,"Median"
"320","E12000005","West Midlands",2005,16400,"Median"
"321","E12000006","East",2005,18000,"Median"
"322","E12000007","London",2005,20300,"Median"
"323","E12000008","South East",2005,19000,"Median"
"324","E12000009","South West",2005,16500,"Median"
"325","E92000001","England",2005,17400,"Median"
"326","W92000004","Wales",2005,15500,"Median"
"327","S92000003","Scotland",2005,16700,"Median"
"328","N92000002","Northern Ireland",2005,15900,"Median"
"329","K02000001","United Kingdom",2005,17100,"Median"
"330","E09000001","City of London",2006,49000,"Median"
"331","E09000002","Barking and Dagenham",2006,17600,"Median"
"332","E09000003","Barnet",2006,20400,"Median"
"333","E09000004","Bexley",2006,19600,"Median"
"334","E09000005","Brent",2006,18200,"Median"
"335","E09000006","Bromley",2006,23000,"Median"
"336","E09000007","Camden",2006,25900,"Median"
"337","E09000008","Croydon",2006,20700,"Median"
"338","E09000009","Ealing",2006,19900,"Median"
"339","E09000010","Enfield",2006,19500,"Median"
"340","E09000011","Greenwich",2006,19200,"Median"
"341","E09000012","Hackney",2006,18400,"Median"
"342","E09000013","Hammersmith and Fulham",2006,22800,"Median"
"343","E09000014","Haringey",2006,19000,"Median"
"344","E09000015","Harrow",2006,21400,"Median"
"345","E09000016","Havering",2006,20400,"Median"
"346","E09000017","Hillingdon",2006,21200,"Median"
"347","E09000018","Hounslow",2006,19100,"Median"
"348","E09000019","Islington",2006,23100,"Median"
"349","E09000020","Kensington and Chelsea",2006,27500,"Median"
"350","E09000021","Kingston upon Thames",2006,22900,"Median"
"351","E09000022","Lambeth",2006,21600,"Median"
"352","E09000023","Lewisham",2006,20900,"Median"
"353","E09000024","Merton",2006,21600,"Median"
"354","E09000025","Newham",2006,15800,"Median"
"355","E09000026","Redbridge",2006,20700,"Median"
"356","E09000027","Richmond upon Thames",2006,27300,"Median"
"357","E09000028","Southwark",2006,20400,"Median"
"358","E09000029","Sutton",2006,21400,"Median"
"359","E09000030","Tower Hamlets",2006,19400,"Median"
"360","E09000031","Waltham Forest",2006,17900,"Median"
"361","E09000032","Wandsworth",2006,25300,"Median"
"362","E09000033","Westminster",2006,27000,"Median"
"363","E12000001","North East",2006,16300,"Median"
"364","E12000002","North West",2006,16600,"Median"
"365","E12000003","Yorkshire and The Humber",2006,16600,"Median"
"366","E12000004","East Midlands",2006,17000,"Median"
"367","E12000005","West Midlands",2006,17000,"Median"
"368","E12000006","East",2006,18700,"Median"
"369","E12000007","London",2006,20800,"Median"
"370","E12000008","South East",2006,19600,"Median"
"371","E12000009","South West",2006,17200,"Median"
"372","E92000001","England",2006,17900,"Median"
"373","W92000004","Wales",2006,16100,"Median"
"374","S92000003","Scotland",2006,17500,"Median"
"375","N92000002","Northern Ireland",2006,16600,"Median"
"376","K02000001","United Kingdom",2006,17700,"Median"
"377","E09000001","City of London",2007,58500,"Median"
"378","E09000002","Barking and Dagenham",2007,18600,"Median"
"379","E09000003","Barnet",2007,22000,"Median"
"380","E09000004","Bexley",2007,19800,"Median"
"381","E09000005","Brent",2007,18300,"Median"
"382","E09000006","Bromley",2007,23200,"Median"
"383","E09000007","Camden",2007,26900,"Median"
"384","E09000008","Croydon",2007,20900,"Median"
"385","E09000009","Ealing",2007,20200,"Median"
"386","E09000010","Enfield",2007,19900,"Median"
"387","E09000011","Greenwich",2007,20500,"Median"
"388","E09000012","Hackney",2007,20900,"Median"
"389","E09000013","Hammersmith and Fulham",2007,23600,"Median"
"390","E09000014","Haringey",2007,19800,"Median"
"391","E09000015","Harrow",2007,22100,"Median"
"392","E09000016","Havering",2007,20800,"Median"
"393","E09000017","Hillingdon",2007,21800,"Median"
"394","E09000018","Hounslow",2007,20400,"Median"
"395","E09000019","Islington",2007,24400,"Median"
"396","E09000020","Kensington and Chelsea",2007,31900,"Median"
"397","E09000021","Kingston upon Thames",2007,25200,"Median"
"398","E09000022","Lambeth",2007,22200,"Median"
"399","E09000023","Lewisham",2007,21000,"Median"
"400","E09000024","Merton",2007,22300,"Median"
"401","E09000025","Newham",2007,16500,"Median"
"402","E09000026","Redbridge",2007,21600,"Median"
"403","E09000027","Richmond upon Thames",2007,29100,"Median"
"404","E09000028","Southwark",2007,21900,"Median"
"405","E09000029","Sutton",2007,22500,"Median"
"406","E09000030","Tower Hamlets",2007,21200,"Median"
"407","E09000031","Waltham Forest",2007,18200,"Median"
"408","E09000032","Wandsworth",2007,26100,"Median"
"409","E09000033","Westminster",2007,29200,"Median"
"410","E12000001","North East",2007,17100,"Median"
"411","E12000002","North West",2007,17400,"Median"
"412","E12000003","Yorkshire and The Humber",2007,17400,"Median"
"413","E12000004","East Midlands",2007,17900,"Median"
"414","E12000005","West Midlands",2007,17600,"Median"
"415","E12000006","East",2007,19400,"Median"
"416","E12000007","London",2007,21800,"Median"
"417","E12000008","South East",2007,20400,"Median"
"418","E12000009","South West",2007,18000,"Median"
"419","E92000001","England",2007,18700,"Median"
"420","W92000004","Wales",2007,16900,"Median"
"421","S92000003","Scotland",2007,18200,"Median"
"422","N92000002","Northern Ireland",2007,17300,"Median"
"423","K02000001","United Kingdom",2007,18500,"Median"
"424","E09000001","City of London",2009,61900,"Median"
"425","E09000002","Barking and Dagenham",2009,19400,"Median"
"426","E09000003","Barnet",2009,24300,"Median"
"427","E09000004","Bexley",2009,22100,"Median"
"428","E09000005","Brent",2009,19600,"Median"
"429","E09000006","Bromley",2009,24900,"Median"
"430","E09000007","Camden",2009,28400,"Median"
"431","E09000008","Croydon",2009,23100,"Median"
"432","E09000009","Ealing",2009,21800,"Median"
"433","E09000010","Enfield",2009,22100,"Median"
"434","E09000011","Greenwich",2009,21400,"Median"
"435","E09000012","Hackney",2009,22200,"Median"
"436","E09000013","Hammersmith and Fulham",2009,26700,"Median"
"437","E09000014","Haringey",2009,21800,"Median"
"438","E09000015","Harrow",2009,22800,"Median"
"439","E09000016","Havering",2009,22000,"Median"
"440","E09000017","Hillingdon",2009,23000,"Median"
"441","E09000018","Hounslow",2009,22000,"Median"
"442","E09000019","Islington",2009,27100,"Median"
"443","E09000020","Kensington and Chelsea",2009,34100,"Median"
"444","E09000021","Kingston upon Thames",2009,25600,"Median"
"445","E09000022","Lambeth",2009,24000,"Median"
"446","E09000023","Lewisham",2009,22300,"Median"
"447","E09000024","Merton",2009,24100,"Median"
"448","E09000025","Newham",2009,17600,"Median"
"449","E09000026","Redbridge",2009,22300,"Median"
"450","E09000027","Richmond upon Thames",2009,30800,"Median"
"451","E09000028","Southwark",2009,23300,"Median"
"452","E09000029","Sutton",2009,23200,"Median"
"453","E09000030","Tower Hamlets",2009,24500,"Median"
"454","E09000031","Waltham Forest",2009,20600,"Median"
"455","E09000032","Wandsworth",2009,29200,"Median"
"456","E09000033","Westminster",2009,31900,"Median"
"457","E12000001","North East",2009,18400,"Median"
"458","E12000002","North West",2009,18500,"Median"
"459","E12000003","Yorkshire and The Humber",2009,18200,"Median"
"460","E12000004","East Midlands",2009,18500,"Median"
"461","E12000005","West Midlands",2009,18600,"Median"
"462","E12000006","East",2009,20400,"Median"
"463","E12000007","London",2009,23400,"Median"
"464","E12000008","South East",2009,21600,"Median"
"465","E12000009","South West",2009,19000,"Median"
"466","E92000001","England",2009,19800,"Median"
"467","W92000004","Wales",2009,18000,"Median"
"468","S92000003","Scotland",2009,19400,"Median"
"469","N92000002","Northern Ireland",2009,17800,"Median"
"470","K02000001","United Kingdom",2009,19600,"Median"
"471","E09000001","City of London",2010,61300,"Median"
"472","E09000002","Barking and Dagenham",2010,19400,"Median"
"473","E09000003","Barnet",2010,24100,"Median"
"474","E09000004","Bexley",2010,22600,"Median"
"475","E09000005","Brent",2010,19700,"Median"
"476","E09000006","Bromley",2010,25800,"Median"
"477","E09000007","Camden",2010,29400,"Median"
"478","E09000008","Croydon",2010,22000,"Median"
"479","E09000009","Ealing",2010,20800,"Median"
"480","E09000010","Enfield",2010,20900,"Median"
"481","E09000011","Greenwich",2010,21300,"Median"
"482","E09000012","Hackney",2010,22300,"Median"
"483","E09000013","Hammersmith and Fulham",2010,27100,"Median"
"484","E09000014","Haringey",2010,21500,"Median"
"485","E09000015","Harrow",2010,22300,"Median"
"486","E09000016","Havering",2010,22500,"Median"
"487","E09000017","Hillingdon",2010,21900,"Median"
"488","E09000018","Hounslow",2010,21600,"Median"
"489","E09000019","Islington",2010,26100,"Median"
"490","E09000020","Kensington and Chelsea",2010,31700,"Median"
"491","E09000021","Kingston upon Thames",2010,24800,"Median"
"492","E09000022","Lambeth",2010,24000,"Median"
"493","E09000023","Lewisham",2010,23200,"Median"
"494","E09000024","Merton",2010,24700,"Median"
"495","E09000025","Newham",2010,17400,"Median"
"496","E09000026","Redbridge",2010,22200,"Median"
"497","E09000027","Richmond upon Thames",2010,30600,"Median"
"498","E09000028","Southwark",2010,23800,"Median"
"499","E09000029","Sutton",2010,22300,"Median"
"500","E09000030","Tower Hamlets",2010,24000,"Median"
"501","E09000031","Waltham Forest",2010,19700,"Median"
"502","E09000032","Wandsworth",2010,29000,"Median"
"503","E09000033","Westminster",2010,31400,"Median"
"504","E12000001","North East",2010,18000,"Median"
"505","E12000002","North West",2010,18400,"Median"
"506","E12000003","Yorkshire and The Humber",2010,18200,"Median"
"507","E12000004","East Midlands",2010,18800,"Median"
"508","E12000005","West Midlands",2010,18400,"Median"
"509","E12000006","East",2010,20500,"Median"
"510","E12000007","London",2010,23300,"Median"
"511","E12000008","South East",2010,21300,"Median"
"512","E12000009","South West",2010,18800,"Median"
"513","E92000001","England",2010,19700,"Median"
"514","W92000004","Wales",2010,17900,"Median"
"515","S92000003","Scotland",2010,19200,"Median"
"516","N92000002","Northern Ireland",2010,18000,"Median"
"517","K02000001","United Kingdom",2010,19500,"Median"
"518","E09000001","City of London",2011,51600,"Median"
"519","E09000002","Barking and Dagenham",2011,19600,"Median"
"520","E09000003","Barnet",2011,24200,"Median"
"521","E09000004","Bexley",2011,22300,"Median"
"522","E09000005","Brent",2011,20200,"Median"
"523","E09000006","Bromley",2011,25100,"Median"
"524","E09000007","Camden",2011,30400,"Median"
"525","E09000008","Croydon",2011,22700,"Median"
"526","E09000009","Ealing",2011,21300,"Median"
"527","E09000010","Enfield",2011,22300,"Median"
"528","E09000011","Greenwich",2011,21800,"Median"
"529","E09000012","Hackney",2011,23300,"Median"
"530","E09000013","Hammersmith and Fulham",2011,27600,"Median"
"531","E09000014","Haringey",2011,22200,"Median"
"532","E09000015","Harrow",2011,23000,"Median"
"533","E09000016","Havering",2011,22700,"Median"
"534","E09000017","Hillingdon",2011,23500,"Median"
"535","E09000018","Hounslow",2011,21800,"Median"
"536","E09000019","Islington",2011,28100,"Median"
"537","E09000020","Kensington and Chelsea",2011,37200,"Median"
"538","E09000021","Kingston upon Thames",2011,26000,"Median"
"539","E09000022","Lambeth",2011,24600,"Median"
"540","E09000023","Lewisham",2011,22900,"Median"
"541","E09000024","Merton",2011,25200,"Median"
"542","E09000025","Newham",2011,17600,"Median"
"543","E09000026","Redbridge",2011,22900,"Median"
"544","E09000027","Richmond upon Thames",2011,31500,"Median"
"545","E09000028","Southwark",2011,24300,"Median"
"546","E09000029","Sutton",2011,25300,"Median"
"547","E09000030","Tower Hamlets",2011,24700,"Median"
"548","E09000031","Waltham Forest",2011,20300,"Median"
"549","E09000032","Wandsworth",2011,29400,"Median"
"550","E09000033","Westminster",2011,32400,"Median"
"551","E12000001","North East",2011,19100,"Median"
"552","E12000002","North West",2011,19200,"Median"
"553","E12000003","Yorkshire and The Humber",2011,19000,"Median"
"554","E12000004","East Midlands",2011,19300,"Median"
"555","E12000005","West Midlands",2011,19400,"Median"
"556","E12000006","East",2011,21100,"Median"
"557","E12000007","London",2011,23800,"Median"
"558","E12000008","South East",2011,22300,"Median"
"559","E12000009","South West",2011,19600,"Median"
"560","E92000001","England",2011,20500,"Median"
"561","W92000004","Wales",2011,18800,"Median"
"562","S92000003","Scotland",2011,20300,"Median"
"563","N92000002","Northern Ireland",2011,19100,"Median"
"564","K02000001","United Kingdom",2011,20300,"Median"
"565","E09000001","City of London",2012,58300,"Median"
"566","E09000002","Barking and Dagenham",2012,20100,"Median"
"567","E09000003","Barnet",2012,25800,"Median"
"568","E09000004","Bexley",2012,23100,"Median"
"569","E09000005","Brent",2012,20600,"Median"
"570","E09000006","Bromley",2012,26900,"Median"
"571","E09000007","Camden",2012,31600,"Median"
"572","E09000008","Croydon",2012,23900,"Median"
"573","E09000009","Ealing",2012,22700,"Median"
"574","E09000010","Enfield",2012,22700,"Median"
"575","E09000011","Greenwich",2012,22600,"Median"
"576","E09000012","Hackney",2012,24300,"Median"
"577","E09000013","Hammersmith and Fulham",2012,27600,"Median"
"578","E09000014","Haringey",2012,23300,"Median"
"579","E09000015","Harrow",2012,24000,"Median"
"580","E09000016","Havering",2012,23500,"Median"
"581","E09000017","Hillingdon",2012,23200,"Median"
"582","E09000018","Hounslow",2012,22400,"Median"
"583","E09000019","Islington",2012,28500,"Median"
"584","E09000020","Kensington and Chelsea",2012,37800,"Median"
"585","E09000021","Kingston upon Thames",2012,26500,"Median"
"586","E09000022","Lambeth",2012,26000,"Median"
"587","E09000023","Lewisham",2012,23000,"Median"
"588","E09000024","Merton",2012,25800,"Median"
"589","E09000025","Newham",2012,18500,"Median"
"590","E09000026","Redbridge",2012,23800,"Median"
"591","E09000027","Richmond upon Thames",2012,33400,"Median"
"592","E09000028","Southwark",2012,25000,"Median"
"593","E09000029","Sutton",2012,25000,"Median"
"594","E09000030","Tower Hamlets",2012,25800,"Median"
"595","E09000031","Waltham Forest",2012,21400,"Median"
"596","E09000032","Wandsworth",2012,31000,"Median"
"597","E09000033","Westminster",2012,35200,"Median"
"598","E12000001","North East",2012,19700,"Median"
"599","E12000002","North West",2012,19700,"Median"
"600","E12000003","Yorkshire and The Humber",2012,19600,"Median"
"601","E12000004","East Midlands",2012,19900,"Median"
"602","E12000005","West Midlands",2012,19900,"Median"
"603","E12000006","East",2012,21900,"Median"
"604","E12000007","London",2012,24600,"Median"
"605","E12000008","South East",2012,23100,"Median"
"606","E12000009","South West",2012,20300,"Median"
"607","E92000001","England",2012,21200,"Median"
"608","W92000004","Wales",2012,19400,"Median"
"609","S92000003","Scotland",2012,21100,"Median"
"610","N92000002","Northern Ireland",2012,19600,"Median"
"611","K02000001","United Kingdom",2012,21000,"Median"
"612","E09000001","City of London",2013,65300,"Median"
"613","E09000002","Barking and Dagenham",2013,21000,"Median"
"614","E09000003","Barnet",2013,26800,"Median"
"615","E09000004","Bexley",2013,24400,"Median"
"616","E09000005","Brent",2013,21300,"Median"
"617","E09000006","Bromley",2013,27200,"Median"
"618","E09000007","Camden",2013,32000,"Median"
"619","E09000008","Croydon",2013,24300,"Median"
"620","E09000009","Ealing",2013,23200,"Median"
"621","E09000010","Enfield",2013,23900,"Median"
"622","E09000011","Greenwich",2013,23500,"Median"
"623","E09000012","Hackney",2013,26000,"Median"
"624","E09000013","Hammersmith and Fulham",2013,30100,"Median"
"625","E09000014","Haringey",2013,24400,"Median"
"626","E09000015","Harrow",2013,25200,"Median"
"627","E09000016","Havering",2013,24700,"Median"
"628","E09000017","Hillingdon",2013,23600,"Median"
"629","E09000018","Hounslow",2013,23700,"Median"
"630","E09000019","Islington",2013,28700,"Median"
"631","E09000020","Kensington and Chelsea",2013,37600,"Median"
"632","E09000021","Kingston upon Thames",2013,26100,"Median"
"633","E09000022","Lambeth",2013,26800,"Median"
"634","E09000023","Lewisham",2013,24000,"Median"
"635","E09000024","Merton",2013,27800,"Median"
"636","E09000025","Newham",2013,20100,"Median"
"637","E09000026","Redbridge",2013,25100,"Median"
"638","E09000027","Richmond upon Thames",2013,33700,"Median"
"639","E09000028","Southwark",2013,26200,"Median"
"640","E09000029","Sutton",2013,25100,"Median"
"641","E09000030","Tower Hamlets",2013,27000,"Median"
"642","E09000031","Waltham Forest",2013,21900,"Median"
"643","E09000032","Wandsworth",2013,31900,"Median"
"644","E09000033","Westminster",2013,36400,"Median"
"645","E12000001","North East",2013,20400,"Median"
"646","E12000002","North West",2013,20600,"Median"
"647","E12000003","Yorkshire and The Humber",2013,20400,"Median"
"648","E12000004","East Midlands",2013,20800,"Median"
"649","E12000005","West Midlands",2013,20500,"Median"
"650","E12000006","East",2013,22900,"Median"
"651","E12000007","London",2013,25600,"Median"
"652","E12000008","South East",2013,23900,"Median"
"653","E12000009","South West",2013,21200,"Median"
"654","E92000001","England",2013,22100,"Median"
"655","W92000004","Wales",2013,20300,"Median"
"656","S92000003","Scotland",2013,21800,"Median"
"657","N92000002","Northern Ireland",2013,20100,"Median"
"658","K02000001","United Kingdom",2013,21900,"Median"
"659","E09000001","City of London",1999,109800,"Mean"
"660","E09000002","Barking and Dagenham",1999,16200,"Mean"
"661","E09000003","Barnet",1999,26800,"Mean"
"662","E09000004","Bexley",1999,20500,"Mean"
"663","E09000005","Brent",1999,20000,"Mean"
"664","E09000006","Bromley",1999,25100,"Mean"
"665","E09000007","Camden",1999,39000,"Mean"
"666","E09000008","Croydon",1999,21500,"Mean"
"667","E09000009","Ealing",1999,22800,"Mean"
"668","E09000010","Enfield",1999,21500,"Mean"
"669","E09000011","Greenwich",1999,20700,"Mean"
"670","E09000012","Hackney",1999,18700,"Mean"
"671","E09000013","Hammersmith and Fulham",1999,34900,"Mean"
"672","E09000014","Haringey",1999,20600,"Mean"
"673","E09000015","Harrow",1999,23300,"Mean"
"674","E09000016","Havering",1999,20400,"Mean"
"675","E09000017","Hillingdon",1999,21700,"Mean"
"676","E09000018","Hounslow",1999,20900,"Mean"
"677","E09000019","Islington",1999,31100,"Mean"
"678","E09000020","Kensington and Chelsea",1999,58200,"Mean"
"679","E09000021","Kingston upon Thames",1999,28400,"Mean"
"680","E09000022","Lambeth",1999,20700,"Mean"
"681","E09000023","Lewisham",1999,18200,"Mean"
"682","E09000024","Merton",1999,27900,"Mean"
"683","E09000025","Newham",1999,15800,"Mean"
"684","E09000026","Redbridge",1999,21700,"Mean"
"685","E09000027","Richmond upon Thames",1999,37300,"Mean"
"686","E09000028","Southwark",1999,20400,"Mean"
"687","E09000029","Sutton",1999,21000,"Mean"
"688","E09000030","Tower Hamlets",1999,22900,"Mean"
"689","E09000031","Waltham Forest",1999,18500,"Mean"
"690","E09000032","Wandsworth",1999,29300,"Mean"
"691","E09000033","Westminster",1999,46400,"Mean"
"692","E12000001","North East",1999,16300,"Mean"
"693","E12000002","North West",1999,17500,"Mean"
"694","E12000003","Yorkshire and The Humber",1999,17300,"Mean"
"695","E12000004","East Midlands",1999,18000,"Mean"
"696","E12000005","West Midlands",1999,17900,"Mean"
"697","E12000006","East",1999,21300,"Mean"
"698","E12000007","London",1999,25100,"Mean"
"699","E12000008","South East",1999,22700,"Mean"
"700","E12000009","South West",1999,18200,"Mean"
"701","E92000001","England",1999,20000,"Mean"
"702","W92000004","Wales",1999,16800,"Mean"
"703","S92000003","Scotland",1999,18000,"Mean"
"704","N92000002","Northern Ireland",1999,16500,"Mean"
"705","K02000001","United Kingdom",1999,19600,"Mean"
"706","E09000001","City of London",2000,137000,"Mean"
"707","E09000002","Barking and Dagenham",2000,18100,"Mean"
"708","E09000003","Barnet",2000,30800,"Mean"
"709","E09000004","Bexley",2000,19800,"Mean"
"710","E09000005","Brent",2000,22200,"Mean"
"711","E09000006","Bromley",2000,26400,"Mean"
"712","E09000007","Camden",2000,40000,"Mean"
"713","E09000008","Croydon",2000,22100,"Mean"
"714","E09000009","Ealing",2000,23800,"Mean"
"715","E09000010","Enfield",2000,20800,"Mean"
"716","E09000011","Greenwich",2000,22400,"Mean"
"717","E09000012","Hackney",2000,20000,"Mean"
"718","E09000013","Hammersmith and Fulham",2000,35400,"Mean"
"719","E09000014","Haringey",2000,24500,"Mean"
"720","E09000015","Harrow",2000,25700,"Mean"
"721","E09000016","Havering",2000,21400,"Mean"
"722","E09000017","Hillingdon",2000,20900,"Mean"
"723","E09000018","Hounslow",2000,22400,"Mean"
"724","E09000019","Islington",2000,30000,"Mean"
"725","E09000020","Kensington and Chelsea",2000,86500,"Mean"
"726","E09000021","Kingston upon Thames",2000,26400,"Mean"
"727","E09000022","Lambeth",2000,21900,"Mean"
"728","E09000023","Lewisham",2000,19400,"Mean"
"729","E09000024","Merton",2000,27900,"Mean"
"730","E09000025","Newham",2000,17000,"Mean"
"731","E09000026","Redbridge",2000,21700,"Mean"
"732","E09000027","Richmond upon Thames",2000,36700,"Mean"
"733","E09000028","Southwark",2000,22500,"Mean"
"734","E09000029","Sutton",2000,21900,"Mean"
"735","E09000030","Tower Hamlets",2000,25000,"Mean"
"736","E09000031","Waltham Forest",2000,19600,"Mean"
"737","E09000032","Wandsworth",2000,36300,"Mean"
"738","E09000033","Westminster",2000,49100,"Mean"
"739","E12000001","North East",2000,16600,"Mean"
"740","E12000002","North West",2000,18000,"Mean"
"741","E12000003","Yorkshire and The Humber",2000,17400,"Mean"
"742","E12000004","East Midlands",2000,18200,"Mean"
"743","E12000005","West Midlands",2000,18300,"Mean"
"744","E12000006","East",2000,22000,"Mean"
"745","E12000007","London",2000,27100,"Mean"
"746","E12000008","South East",2000,23800,"Mean"
"747","E12000009","South West",2000,18500,"Mean"
"748","E92000001","England",2000,20800,"Mean"
"749","W92000004","Wales",2000,16500,"Mean"
"750","S92000003","Scotland",2000,18200,"Mean"
"751","N92000002","Northern Ireland",2000,17300,"Mean"
"752","K02000001","United Kingdom",2000,20300,"Mean"
"753","E09000001","City of London",2001,92900,"Mean"
"754","E09000002","Barking and Dagenham",2001,18600,"Mean"
"755","E09000003","Barnet",2001,30400,"Mean"
"756","E09000004","Bexley",2001,22000,"Mean"
"757","E09000005","Brent",2001,21100,"Mean"
"758","E09000006","Bromley",2001,27400,"Mean"
"759","E09000007","Camden",2001,42800,"Mean"
"760","E09000008","Croydon",2001,23500,"Mean"
"761","E09000009","Ealing",2001,25200,"Mean"
"762","E09000010","Enfield",2001,23100,"Mean"
"763","E09000011","Greenwich",2001,24000,"Mean"
"764","E09000012","Hackney",2001,22400,"Mean"
"765","E09000013","Hammersmith and Fulham",2001,37500,"Mean"
"766","E09000014","Haringey",2001,28000,"Mean"
"767","E09000015","Harrow",2001,26500,"Mean"
"768","E09000016","Havering",2001,22200,"Mean"
"769","E09000017","Hillingdon",2001,23600,"Mean"
"770","E09000018","Hounslow",2001,23800,"Mean"
"771","E09000019","Islington",2001,33500,"Mean"
"772","E09000020","Kensington and Chelsea",2001,78900,"Mean"
"773","E09000021","Kingston upon Thames",2001,28400,"Mean"
"774","E09000022","Lambeth",2001,25600,"Mean"
"775","E09000023","Lewisham",2001,21600,"Mean"
"776","E09000024","Merton",2001,28900,"Mean"
"777","E09000025","Newham",2001,17700,"Mean"
"778","E09000026","Redbridge",2001,23800,"Mean"
"779","E09000027","Richmond upon Thames",2001,41500,"Mean"
"780","E09000028","Southwark",2001,25900,"Mean"
"781","E09000029","Sutton",2001,23100,"Mean"
"782","E09000030","Tower Hamlets",2001,29900,"Mean"
"783","E09000031","Waltham Forest",2001,20300,"Mean"
"784","E09000032","Wandsworth",2001,36000,"Mean"
"785","E09000033","Westminster",2001,55600,"Mean"
"786","E12000001","North East",2001,17500,"Mean"
"787","E12000002","North West",2001,18800,"Mean"
"788","E12000003","Yorkshire and The Humber",2001,18700,"Mean"
"789","E12000004","East Midlands",2001,19200,"Mean"
"790","E12000005","West Midlands",2001,19100,"Mean"
"791","E12000006","East",2001,23100,"Mean"
"792","E12000007","London",2001,28800,"Mean"
"793","E12000008","South East",2001,25000,"Mean"
"794","E12000009","South West",2001,19500,"Mean"
"795","E92000001","England",2001,21800,"Mean"
"796","W92000004","Wales",2001,17700,"Mean"
"797","S92000003","Scotland",2001,19500,"Mean"
"798","N92000002","Northern Ireland",2001,18700,"Mean"
"799","K02000001","United Kingdom",2001,21400,"Mean"
"800","E09000001","City of London",2002,78700,"Mean"
"801","E09000002","Barking and Dagenham",2002,19100,"Mean"
"802","E09000003","Barnet",2002,32300,"Mean"
"803","E09000004","Bexley",2002,21500,"Mean"
"804","E09000005","Brent",2002,21700,"Mean"
"805","E09000006","Bromley",2002,27700,"Mean"
"806","E09000007","Camden",2002,43000,"Mean"
"807","E09000008","Croydon",2002,23400,"Mean"
"808","E09000009","Ealing",2002,25400,"Mean"
"809","E09000010","Enfield",2002,24100,"Mean"
"810","E09000011","Greenwich",2002,22900,"Mean"
"811","E09000012","Hackney",2002,21300,"Mean"
"812","E09000013","Hammersmith and Fulham",2002,35800,"Mean"
"813","E09000014","Haringey",2002,26000,"Mean"
"814","E09000015","Harrow",2002,26900,"Mean"
"815","E09000016","Havering",2002,22700,"Mean"
"816","E09000017","Hillingdon",2002,24000,"Mean"
"817","E09000018","Hounslow",2002,24500,"Mean"
"818","E09000019","Islington",2002,36300,"Mean"
"819","E09000020","Kensington and Chelsea",2002,72900,"Mean"
"820","E09000021","Kingston upon Thames",2002,27900,"Mean"
"821","E09000022","Lambeth",2002,25900,"Mean"
"822","E09000023","Lewisham",2002,21400,"Mean"
"823","E09000024","Merton",2002,31600,"Mean"
"824","E09000025","Newham",2002,17300,"Mean"
"825","E09000026","Redbridge",2002,24000,"Mean"
"826","E09000027","Richmond upon Thames",2002,39500,"Mean"
"827","E09000028","Southwark",2002,24600,"Mean"
"828","E09000029","Sutton",2002,23700,"Mean"
"829","E09000030","Tower Hamlets",2002,28500,"Mean"
"830","E09000031","Waltham Forest",2002,20100,"Mean"
"831","E09000032","Wandsworth",2002,35700,"Mean"
"832","E09000033","Westminster",2002,56600,"Mean"
"833","E12000001","North East",2002,17900,"Mean"
"834","E12000002","North West",2002,19300,"Mean"
"835","E12000003","Yorkshire and The Humber",2002,18900,"Mean"
"836","E12000004","East Midlands",2002,19800,"Mean"
"837","E12000005","West Midlands",2002,19500,"Mean"
"838","E12000006","East",2002,23300,"Mean"
"839","E12000007","London",2002,28500,"Mean"
"840","E12000008","South East",2002,25100,"Mean"
"841","E12000009","South West",2002,19800,"Mean"
"842","E92000001","England",2002,22100,"Mean"
"843","W92000004","Wales",2002,17900,"Mean"
"844","S92000003","Scotland",2002,19500,"Mean"
"845","N92000002","Northern Ireland",2002,18400,"Mean"
"846","K02000001","United Kingdom",2002,21600,"Mean"
"847","E09000001","City of London",2003,85800,"Mean"
"848","E09000002","Barking and Dagenham",2003,18800,"Mean"
"849","E09000003","Barnet",2003,33900,"Mean"
"850","E09000004","Bexley",2003,21900,"Mean"
"851","E09000005","Brent",2003,22500,"Mean"
"852","E09000006","Bromley",2003,29200,"Mean"
"853","E09000007","Camden",2003,45700,"Mean"
"854","E09000008","Croydon",2003,23300,"Mean"
"855","E09000009","Ealing",2003,26100,"Mean"
"856","E09000010","Enfield",2003,24200,"Mean"
"857","E09000011","Greenwich",2003,23300,"Mean"
"858","E09000012","Hackney",2003,21500,"Mean"
"859","E09000013","Hammersmith and Fulham",2003,36200,"Mean"
"860","E09000014","Haringey",2003,26100,"Mean"
"861","E09000015","Harrow",2003,26300,"Mean"
"862","E09000016","Havering",2003,22800,"Mean"
"863","E09000017","Hillingdon",2003,23800,"Mean"
"864","E09000018","Hounslow",2003,24800,"Mean"
"865","E09000019","Islington",2003,36800,"Mean"
"866","E09000020","Kensington and Chelsea",2003,84900,"Mean"
"867","E09000021","Kingston upon Thames",2003,28300,"Mean"
"868","E09000022","Lambeth",2003,26600,"Mean"
"869","E09000023","Lewisham",2003,21500,"Mean"
"870","E09000024","Merton",2003,31300,"Mean"
"871","E09000025","Newham",2003,17400,"Mean"
"872","E09000026","Redbridge",2003,24100,"Mean"
"873","E09000027","Richmond upon Thames",2003,42700,"Mean"
"874","E09000028","Southwark",2003,25400,"Mean"
"875","E09000029","Sutton",2003,24600,"Mean"
"876","E09000030","Tower Hamlets",2003,28300,"Mean"
"877","E09000031","Waltham Forest",2003,20100,"Mean"
"878","E09000032","Wandsworth",2003,37800,"Mean"
"879","E09000033","Westminster",2003,57500,"Mean"
"880","E12000001","North East",2003,18500,"Mean"
"881","E12000002","North West",2003,19500,"Mean"
"882","E12000003","Yorkshire and The Humber",2003,19400,"Mean"
"883","E12000004","East Midlands",2003,20100,"Mean"
"884","E12000005","West Midlands",2003,19800,"Mean"
"885","E12000006","East",2003,23500,"Mean"
"886","E12000007","London",2003,29100,"Mean"
"887","E12000008","South East",2003,25600,"Mean"
"888","E12000009","South West",2003,20300,"Mean"
"889","E92000001","England",2003,22400,"Mean"
"890","W92000004","Wales",2003,18300,"Mean"
"891","S92000003","Scotland",2003,20000,"Mean"
"892","N92000002","Northern Ireland",2003,18900,"Mean"
"893","K02000001","United Kingdom",2003,21900,"Mean"
"894","E09000001","City of London",2004,95600,"Mean"
"895","E09000002","Barking and Dagenham",2004,19400,"Mean"
"896","E09000003","Barnet",2004,32800,"Mean"
"897","E09000004","Bexley",2004,22300,"Mean"
"898","E09000005","Brent",2004,21800,"Mean"
"899","E09000006","Bromley",2004,29200,"Mean"
"900","E09000007","Camden",2004,50200,"Mean"
"901","E09000008","Croydon",2004,24300,"Mean"
"902","E09000009","Ealing",2004,26500,"Mean"
"903","E09000010","Enfield",2004,23900,"Mean"
"904","E09000011","Greenwich",2004,23100,"Mean"
"905","E09000012","Hackney",2004,22900,"Mean"
"906","E09000013","Hammersmith and Fulham",2004,38300,"Mean"
"907","E09000014","Haringey",2004,27900,"Mean"
"908","E09000015","Harrow",2004,26800,"Mean"
"909","E09000016","Havering",2004,23100,"Mean"
"910","E09000017","Hillingdon",2004,25200,"Mean"
"911","E09000018","Hounslow",2004,25500,"Mean"
"912","E09000019","Islington",2004,35400,"Mean"
"913","E09000020","Kensington and Chelsea",2004,86600,"Mean"
"914","E09000021","Kingston upon Thames",2004,30500,"Mean"
"915","E09000022","Lambeth",2004,26800,"Mean"
"916","E09000023","Lewisham",2004,23100,"Mean"
"917","E09000024","Merton",2004,31600,"Mean"
"918","E09000025","Newham",2004,18500,"Mean"
"919","E09000026","Redbridge",2004,24500,"Mean"
"920","E09000027","Richmond upon Thames",2004,41800,"Mean"
"921","E09000028","Southwark",2004,26300,"Mean"
"922","E09000029","Sutton",2004,25600,"Mean"
"923","E09000030","Tower Hamlets",2004,29600,"Mean"
"924","E09000031","Waltham Forest",2004,20800,"Mean"
"925","E09000032","Wandsworth",2004,38200,"Mean"
"926","E09000033","Westminster",2004,56500,"Mean"
"927","E12000001","North East",2004,19100,"Mean"
"928","E12000002","North West",2004,20500,"Mean"
"929","E12000003","Yorkshire and The Humber",2004,20300,"Mean"
"930","E12000004","East Midlands",2004,20800,"Mean"
"931","E12000005","West Midlands",2004,20500,"Mean"
"932","E12000006","East",2004,24400,"Mean"
"933","E12000007","London",2004,29900,"Mean"
"934","E12000008","South East",2004,26400,"Mean"
"935","E12000009","South West",2004,20900,"Mean"
"936","E92000001","England",2004,23300,"Mean"
"937","W92000004","Wales",2004,19100,"Mean"
"938","S92000003","Scotland",2004,20900,"Mean"
"939","N92000002","Northern Ireland",2004,19600,"Mean"
"940","K02000001","United Kingdom",2004,22800,"Mean"
"941","E09000001","City of London",2005,90600,"Mean"
"942","E09000002","Barking and Dagenham",2005,20600,"Mean"
"943","E09000003","Barnet",2005,35600,"Mean"
"944","E09000004","Bexley",2005,24000,"Mean"
"945","E09000005","Brent",2005,23200,"Mean"
"946","E09000006","Bromley",2005,31400,"Mean"
"947","E09000007","Camden",2005,56200,"Mean"
"948","E09000008","Croydon",2005,25800,"Mean"
"949","E09000009","Ealing",2005,26900,"Mean"
"950","E09000010","Enfield",2005,25800,"Mean"
"951","E09000011","Greenwich",2005,25500,"Mean"
"952","E09000012","Hackney",2005,24600,"Mean"
"953","E09000013","Hammersmith and Fulham",2005,43100,"Mean"
"954","E09000014","Haringey",2005,29500,"Mean"
"955","E09000015","Harrow",2005,29200,"Mean"
"956","E09000016","Havering",2005,25000,"Mean"
"957","E09000017","Hillingdon",2005,26300,"Mean"
"958","E09000018","Hounslow",2005,26900,"Mean"
"959","E09000019","Islington",2005,39000,"Mean"
"960","E09000020","Kensington and Chelsea",2005,109000,"Mean"
"961","E09000021","Kingston upon Thames",2005,33400,"Mean"
"962","E09000022","Lambeth",2005,28700,"Mean"
"963","E09000023","Lewisham",2005,25200,"Mean"
"964","E09000024","Merton",2005,34800,"Mean"
"965","E09000025","Newham",2005,19200,"Mean"
"966","E09000026","Redbridge",2005,26500,"Mean"
"967","E09000027","Richmond upon Thames",2005,47500,"Mean"
"968","E09000028","Southwark",2005,29500,"Mean"
"969","E09000029","Sutton",2005,26300,"Mean"
"970","E09000030","Tower Hamlets",2005,31500,"Mean"
"971","E09000031","Waltham Forest",2005,22000,"Mean"
"972","E09000032","Wandsworth",2005,44100,"Mean"
"973","E09000033","Westminster",2005,68100,"Mean"
"974","E12000001","North East",2005,20200,"Mean"
"975","E12000002","North West",2005,21700,"Mean"
"976","E12000003","Yorkshire and The Humber",2005,21400,"Mean"
"977","E12000004","East Midlands",2005,22100,"Mean"
"978","E12000005","West Midlands",2005,21700,"Mean"
"979","E12000006","East",2005,25800,"Mean"
"980","E12000007","London",2005,32800,"Mean"
"981","E12000008","South East",2005,28100,"Mean"
"982","E12000009","South West",2005,22200,"Mean"
"983","E92000001","England",2005,24900,"Mean"
"984","W92000004","Wales",2005,20000,"Mean"
"985","S92000003","Scotland",2005,22200,"Mean"
"986","N92000002","Northern Ireland",2005,20900,"Mean"
"987","K02000001","United Kingdom",2005,24300,"Mean"
"988","E09000001","City of London",2006,99200,"Mean"
"989","E09000002","Barking and Dagenham",2006,20600,"Mean"
"990","E09000003","Barnet",2006,36700,"Mean"
"991","E09000004","Bexley",2006,24600,"Mean"
"992","E09000005","Brent",2006,24600,"Mean"
"993","E09000006","Bromley",2006,32800,"Mean"
"994","E09000007","Camden",2006,60200,"Mean"
"995","E09000008","Croydon",2006,27200,"Mean"
"996","E09000009","Ealing",2006,28700,"Mean"
"997","E09000010","Enfield",2006,27100,"Mean"
"998","E09000011","Greenwich",2006,27400,"Mean"
"999","E09000012","Hackney",2006,25300,"Mean"
"1000","E09000013","Hammersmith and Fulham",2006,46200,"Mean"
"1001","E09000014","Haringey",2006,32500,"Mean"
"1002","E09000015","Harrow",2006,30800,"Mean"
"1003","E09000016","Havering",2006,26100,"Mean"
"1004","E09000017","Hillingdon",2006,27600,"Mean"
"1005","E09000018","Hounslow",2006,27800,"Mean"
"1006","E09000019","Islington",2006,41400,"Mean"
"1007","E09000020","Kensington and Chelsea",2006,122000,"Mean"
"1008","E09000021","Kingston upon Thames",2006,34300,"Mean"
"1009","E09000022","Lambeth",2006,30900,"Mean"
"1010","E09000023","Lewisham",2006,25800,"Mean"
"1011","E09000024","Merton",2006,37200,"Mean"
"1012","E09000025","Newham",2006,19600,"Mean"
"1013","E09000026","Redbridge",2006,28300,"Mean"
"1014","E09000027","Richmond upon Thames",2006,52500,"Mean"
"1015","E09000028","Southwark",2006,31800,"Mean"
"1016","E09000029","Sutton",2006,28400,"Mean"
"1017","E09000030","Tower Hamlets",2006,33500,"Mean"
"1018","E09000031","Waltham Forest",2006,23100,"Mean"
"1019","E09000032","Wandsworth",2006,45400,"Mean"
"1020","E09000033","Westminster",2006,73600,"Mean"
"1021","E12000001","North East",2006,21000,"Mean"
"1022","E12000002","North West",2006,22300,"Mean"
"1023","E12000003","Yorkshire and The Humber",2006,22100,"Mean"
"1024","E12000004","East Midlands",2006,22900,"Mean"
"1025","E12000005","West Midlands",2006,22600,"Mean"
"1026","E12000006","East",2006,27000,"Mean"
"1027","E12000007","London",2006,34700,"Mean"
"1028","E12000008","South East",2006,29500,"Mean"
"1029","E12000009","South West",2006,23200,"Mean"
"1030","E92000001","England",2006,26000,"Mean"
"1031","W92000004","Wales",2006,20700,"Mean"
"1032","S92000003","Scotland",2006,23500,"Mean"
"1033","N92000002","Northern Ireland",2006,22000,"Mean"
"1034","K02000001","United Kingdom",2006,25500,"Mean"
"1035","E09000001","City of London",2007,102000,"Mean"
"1036","E09000002","Barking and Dagenham",2007,21300,"Mean"
"1037","E09000003","Barnet",2007,38700,"Mean"
"1038","E09000004","Bexley",2007,26700,"Mean"
"1039","E09000005","Brent",2007,24700,"Mean"
"1040","E09000006","Bromley",2007,34400,"Mean"
"1041","E09000007","Camden",2007,69800,"Mean"
"1042","E09000008","Croydon",2007,28100,"Mean"
"1043","E09000009","Ealing",2007,30000,"Mean"
"1044","E09000010","Enfield",2007,28100,"Mean"
"1045","E09000011","Greenwich",2007,29900,"Mean"
"1046","E09000012","Hackney",2007,27900,"Mean"
"1047","E09000013","Hammersmith and Fulham",2007,48600,"Mean"
"1048","E09000014","Haringey",2007,31900,"Mean"
"1049","E09000015","Harrow",2007,32400,"Mean"
"1050","E09000016","Havering",2007,27100,"Mean"
"1051","E09000017","Hillingdon",2007,27900,"Mean"
"1052","E09000018","Hounslow",2007,29000,"Mean"
"1053","E09000019","Islington",2007,43300,"Mean"
"1054","E09000020","Kensington and Chelsea",2007,151000,"Mean"
"1055","E09000021","Kingston upon Thames",2007,38200,"Mean"
"1056","E09000022","Lambeth",2007,33300,"Mean"
"1057","E09000023","Lewisham",2007,27100,"Mean"
"1058","E09000024","Merton",2007,39400,"Mean"
"1059","E09000025","Newham",2007,21000,"Mean"
"1060","E09000026","Redbridge",2007,29100,"Mean"
"1061","E09000027","Richmond upon Thames",2007,56900,"Mean"
"1062","E09000028","Southwark",2007,36000,"Mean"
"1063","E09000029","Sutton",2007,30000,"Mean"
"1064","E09000030","Tower Hamlets",2007,37400,"Mean"
"1065","E09000031","Waltham Forest",2007,23200,"Mean"
"1066","E09000032","Wandsworth",2007,49500,"Mean"
"1067","E09000033","Westminster",2007,82600,"Mean"
"1068","E12000001","North East",2007,22100,"Mean"
"1069","E12000002","North West",2007,23300,"Mean"
"1070","E12000003","Yorkshire and The Humber",2007,23100,"Mean"
"1071","E12000004","East Midlands",2007,23900,"Mean"
"1072","E12000005","West Midlands",2007,23400,"Mean"
"1073","E12000006","East",2007,28200,"Mean"
"1074","E12000007","London",2007,37400,"Mean"
"1075","E12000008","South East",2007,30900,"Mean"
"1076","E12000009","South West",2007,24300,"Mean"
"1077","E92000001","England",2007,27400,"Mean"
"1078","W92000004","Wales",2007,21700,"Mean"
"1079","S92000003","Scotland",2007,24600,"Mean"
"1080","N92000002","Northern Ireland",2007,23000,"Mean"
"1081","K02000001","United Kingdom",2007,26800,"Mean"
"1082","E09000001","City of London",2009,137000,"Mean"
"1083","E09000002","Barking and Dagenham",2009,23100,"Mean"
"1084","E09000003","Barnet",2009,41600,"Mean"
"1085","E09000004","Bexley",2009,27600,"Mean"
"1086","E09000005","Brent",2009,26100,"Mean"
"1087","E09000006","Bromley",2009,36500,"Mean"
"1088","E09000007","Camden",2009,68900,"Mean"
"1089","E09000008","Croydon",2009,29700,"Mean"
"1090","E09000009","Ealing",2009,32400,"Mean"
"1091","E09000010","Enfield",2009,30600,"Mean"
"1092","E09000011","Greenwich",2009,32800,"Mean"
"1093","E09000012","Hackney",2009,29800,"Mean"
"1094","E09000013","Hammersmith and Fulham",2009,52900,"Mean"
"1095","E09000014","Haringey",2009,35100,"Mean"
"1096","E09000015","Harrow",2009,33300,"Mean"
"1097","E09000016","Havering",2009,29700,"Mean"
"1098","E09000017","Hillingdon",2009,29300,"Mean"
"1099","E09000018","Hounslow",2009,31800,"Mean"
"1100","E09000019","Islington",2009,48400,"Mean"
"1101","E09000020","Kensington and Chelsea",2009,161000,"Mean"
"1102","E09000021","Kingston upon Thames",2009,39200,"Mean"
"1103","E09000022","Lambeth",2009,35400,"Mean"
"1104","E09000023","Lewisham",2009,28700,"Mean"
"1105","E09000024","Merton",2009,44000,"Mean"
"1106","E09000025","Newham",2009,21900,"Mean"
"1107","E09000026","Redbridge",2009,30200,"Mean"
"1108","E09000027","Richmond upon Thames",2009,58900,"Mean"
"1109","E09000028","Southwark",2009,36800,"Mean"
"1110","E09000029","Sutton",2009,30000,"Mean"
"1111","E09000030","Tower Hamlets",2009,38300,"Mean"
"1112","E09000031","Waltham Forest",2009,24800,"Mean"
"1113","E09000032","Wandsworth",2009,52800,"Mean"
"1114","E09000033","Westminster",2009,93500,"Mean"
"1115","E12000001","North East",2009,23900,"Mean"
"1116","E12000002","North West",2009,24900,"Mean"
"1117","E12000003","Yorkshire and The Humber",2009,24600,"Mean"
"1118","E12000004","East Midlands",2009,25100,"Mean"
"1119","E12000005","West Midlands",2009,24800,"Mean"
"1120","E12000006","East",2009,29700,"Mean"
"1121","E12000007","London",2009,39800,"Mean"
"1122","E12000008","South East",2009,32600,"Mean"
"1123","E12000009","South West",2009,25700,"Mean"
"1124","E92000001","England",2009,29100,"Mean"
"1125","W92000004","Wales",2009,23000,"Mean"
"1126","S92000003","Scotland",2009,26000,"Mean"
"1127","N92000002","Northern Ireland",2009,23500,"Mean"
"1128","K02000001","United Kingdom",2009,28400,"Mean"
"1129","E09000001","City of London",2010,127000,"Mean"
"1130","E09000002","Barking and Dagenham",2010,22500,"Mean"
"1131","E09000003","Barnet",2010,38800,"Mean"
"1132","E09000004","Bexley",2010,27400,"Mean"
"1133","E09000005","Brent",2010,26700,"Mean"
"1134","E09000006","Bromley",2010,35900,"Mean"
"1135","E09000007","Camden",2010,67100,"Mean"
"1136","E09000008","Croydon",2010,29000,"Mean"
"1137","E09000009","Ealing",2010,30700,"Mean"
"1138","E09000010","Enfield",2010,29000,"Mean"
"1139","E09000011","Greenwich",2010,30000,"Mean"
"1140","E09000012","Hackney",2010,29500,"Mean"
"1141","E09000013","Hammersmith and Fulham",2010,52000,"Mean"
"1142","E09000014","Haringey",2010,32900,"Mean"
"1143","E09000015","Harrow",2010,31100,"Mean"
"1144","E09000016","Havering",2010,29000,"Mean"
"1145","E09000017","Hillingdon",2010,28400,"Mean"
"1146","E09000018","Hounslow",2010,30800,"Mean"
"1147","E09000019","Islington",2010,47600,"Mean"
"1148","E09000020","Kensington and Chelsea",2010,128000,"Mean"
"1149","E09000021","Kingston upon Thames",2010,35500,"Mean"
"1150","E09000022","Lambeth",2010,34200,"Mean"
"1151","E09000023","Lewisham",2010,29300,"Mean"
"1152","E09000024","Merton",2010,43100,"Mean"
"1153","E09000025","Newham",2010,21700,"Mean"
"1154","E09000026","Redbridge",2010,29400,"Mean"
"1155","E09000027","Richmond upon Thames",2010,56300,"Mean"
"1156","E09000028","Southwark",2010,35400,"Mean"
"1157","E09000029","Sutton",2010,29100,"Mean"
"1158","E09000030","Tower Hamlets",2010,37400,"Mean"
"1159","E09000031","Waltham Forest",2010,24400,"Mean"
"1160","E09000032","Wandsworth",2010,50700,"Mean"
"1161","E09000033","Westminster",2010,83400,"Mean"
"1162","E12000001","North East",2010,22900,"Mean"
"1163","E12000002","North West",2010,24200,"Mean"
"1164","E12000003","Yorkshire and The Humber",2010,23800,"Mean"
"1165","E12000004","East Midlands",2010,24400,"Mean"
"1166","E12000005","West Midlands",2010,24000,"Mean"
"1167","E12000006","East",2010,28900,"Mean"
"1168","E12000007","London",2010,37700,"Mean"
"1169","E12000008","South East",2010,31200,"Mean"
"1170","E12000009","South West",2010,24900,"Mean"
"1171","E92000001","England",2010,28000,"Mean"
"1172","W92000004","Wales",2010,22500,"Mean"
"1173","S92000003","Scotland",2010,25200,"Mean"
"1174","N92000002","Northern Ireland",2010,23100,"Mean"
"1175","K02000001","United Kingdom",2010,27400,"Mean"
"1176","E09000001","City of London",2011,117000,"Mean"
"1177","E09000002","Barking and Dagenham",2011,22800,"Mean"
"1178","E09000003","Barnet",2011,39200,"Mean"
"1179","E09000004","Bexley",2011,28300,"Mean"
"1180","E09000005","Brent",2011,27400,"Mean"
"1181","E09000006","Bromley",2011,36400,"Mean"
"1182","E09000007","Camden",2011,69300,"Mean"
"1183","E09000008","Croydon",2011,29700,"Mean"
"1184","E09000009","Ealing",2011,32000,"Mean"
"1185","E09000010","Enfield",2011,30400,"Mean"
"1186","E09000011","Greenwich",2011,31000,"Mean"
"1187","E09000012","Hackney",2011,31200,"Mean"
"1188","E09000013","Hammersmith and Fulham",2011,52700,"Mean"
"1189","E09000014","Haringey",2011,34600,"Mean"
"1190","E09000015","Harrow",2011,32400,"Mean"
"1191","E09000016","Havering",2011,30400,"Mean"
"1192","E09000017","Hillingdon",2011,30000,"Mean"
"1193","E09000018","Hounslow",2011,32400,"Mean"
"1194","E09000019","Islington",2011,47200,"Mean"
"1195","E09000020","Kensington and Chelsea",2011,137000,"Mean"
"1196","E09000021","Kingston upon Thames",2011,38700,"Mean"
"1197","E09000022","Lambeth",2011,35700,"Mean"
"1198","E09000023","Lewisham",2011,29800,"Mean"
"1199","E09000024","Merton",2011,43700,"Mean"
"1200","E09000025","Newham",2011,22000,"Mean"
"1201","E09000026","Redbridge",2011,30900,"Mean"
"1202","E09000027","Richmond upon Thames",2011,57400,"Mean"
"1203","E09000028","Southwark",2011,36500,"Mean"
"1204","E09000029","Sutton",2011,31400,"Mean"
"1205","E09000030","Tower Hamlets",2011,38200,"Mean"
"1206","E09000031","Waltham Forest",2011,25300,"Mean"
"1207","E09000032","Wandsworth",2011,53400,"Mean"
"1208","E09000033","Westminster",2011,88200,"Mean"
"1209","E12000001","North East",2011,24300,"Mean"
"1210","E12000002","North West",2011,25400,"Mean"
"1211","E12000003","Yorkshire and The Humber",2011,24900,"Mean"
"1212","E12000004","East Midlands",2011,25600,"Mean"
"1213","E12000005","West Midlands",2011,25400,"Mean"
"1214","E12000006","East",2011,30100,"Mean"
"1215","E12000007","London",2011,39100,"Mean"
"1216","E12000008","South East",2011,32900,"Mean"
"1217","E12000009","South West",2011,26100,"Mean"
"1218","E92000001","England",2011,29400,"Mean"
"1219","W92000004","Wales",2011,23700,"Mean"
"1220","S92000003","Scotland",2011,27000,"Mean"
"1221","N92000002","Northern Ireland",2011,24200,"Mean"
"1222","K02000001","United Kingdom",2011,28800,"Mean"
"1223","E09000001","City of London",2012,131000,"Mean"
"1224","E09000002","Barking and Dagenham",2012,23700,"Mean"
"1225","E09000003","Barnet",2012,41000,"Mean"
"1226","E09000004","Bexley",2012,28600,"Mean"
"1227","E09000005","Brent",2012,28300,"Mean"
"1228","E09000006","Bromley",2012,37200,"Mean"
"1229","E09000007","Camden",2012,71200,"Mean"
"1230","E09000008","Croydon",2012,30700,"Mean"
"1231","E09000009","Ealing",2012,32600,"Mean"
"1232","E09000010","Enfield",2012,30800,"Mean"
"1233","E09000011","Greenwich",2012,31500,"Mean"
"1234","E09000012","Hackney",2012,32700,"Mean"
"1235","E09000013","Hammersmith and Fulham",2012,54300,"Mean"
"1236","E09000014","Haringey",2012,35400,"Mean"
"1237","E09000015","Harrow",2012,33300,"Mean"
"1238","E09000016","Havering",2012,30600,"Mean"
"1239","E09000017","Hillingdon",2012,30100,"Mean"
"1240","E09000018","Hounslow",2012,32200,"Mean"
"1241","E09000019","Islington",2012,48400,"Mean"
"1242","E09000020","Kensington and Chelsea",2012,131000,"Mean"
"1243","E09000021","Kingston upon Thames",2012,39900,"Mean"
"1244","E09000022","Lambeth",2012,37600,"Mean"
"1245","E09000023","Lewisham",2012,30400,"Mean"
"1246","E09000024","Merton",2012,44400,"Mean"
"1247","E09000025","Newham",2012,23100,"Mean"
"1248","E09000026","Redbridge",2012,31800,"Mean"
"1249","E09000027","Richmond upon Thames",2012,58800,"Mean"
"1250","E09000028","Southwark",2012,37500,"Mean"
"1251","E09000029","Sutton",2012,32400,"Mean"
"1252","E09000030","Tower Hamlets",2012,39000,"Mean"
"1253","E09000031","Waltham Forest",2012,26200,"Mean"
"1254","E09000032","Wandsworth",2012,54700,"Mean"
"1255","E09000033","Westminster",2012,92200,"Mean"
"1256","E12000001","North East",2012,25000,"Mean"
"1257","E12000002","North West",2012,26000,"Mean"
"1258","E12000003","Yorkshire and The Humber",2012,25600,"Mean"
"1259","E12000004","East Midlands",2012,26400,"Mean"
"1260","E12000005","West Midlands",2012,26000,"Mean"
"1261","E12000006","East",2012,30900,"Mean"
"1262","E12000007","London",2012,39900,"Mean"
"1263","E12000008","South East",2012,33700,"Mean"
"1264","E12000009","South West",2012,27000,"Mean"
"1265","E92000001","England",2012,30100,"Mean"
"1266","W92000004","Wales",2012,24300,"Mean"
"1267","S92000003","Scotland",2012,27800,"Mean"
"1268","N92000002","Northern Ireland",2012,24900,"Mean"
"1269","K02000001","United Kingdom",2012,29600,"Mean"
"1270","E09000001","City of London",2013,151000,"Mean"
"1271","E09000002","Barking and Dagenham",2013,24600,"Mean"
"1272","E09000003","Barnet",2013,45500,"Mean"
"1273","E09000004","Bexley",2013,29600,"Mean"
"1274","E09000005","Brent",2013,29700,"Mean"
"1275","E09000006","Bromley",2013,39000,"Mean"
"1276","E09000007","Camden",2013,78900,"Mean"
"1277","E09000008","Croydon",2013,31800,"Mean"
"1278","E09000009","Ealing",2013,34500,"Mean"
"1279","E09000010","Enfield",2013,32900,"Mean"
"1280","E09000011","Greenwich",2013,34200,"Mean"
"1281","E09000012","Hackney",2013,36300,"Mean"
"1282","E09000013","Hammersmith and Fulham",2013,61300,"Mean"
"1283","E09000014","Haringey",2013,39100,"Mean"
"1284","E09000015","Harrow",2013,36000,"Mean"
"1285","E09000016","Havering",2013,31300,"Mean"
"1286","E09000017","Hillingdon",2013,31300,"Mean"
"1287","E09000018","Hounslow",2013,35800,"Mean"
"1288","E09000019","Islington",2013,51900,"Mean"
"1289","E09000020","Kensington and Chelsea",2013,156000,"Mean"
"1290","E09000021","Kingston upon Thames",2013,41900,"Mean"
"1291","E09000022","Lambeth",2013,40600,"Mean"
"1292","E09000023","Lewisham",2013,31500,"Mean"
"1293","E09000024","Merton",2013,48700,"Mean"
"1294","E09000025","Newham",2013,24800,"Mean"
"1295","E09000026","Redbridge",2013,33100,"Mean"
"1296","E09000027","Richmond upon Thames",2013,64000,"Mean"
"1297","E09000028","Southwark",2013,40500,"Mean"
"1298","E09000029","Sutton",2013,32800,"Mean"
"1299","E09000030","Tower Hamlets",2013,40800,"Mean"
"1300","E09000031","Waltham Forest",2013,27000,"Mean"
"1301","E09000032","Wandsworth",2013,59900,"Mean"
"1302","E09000033","Westminster",2013,107000,"Mean"
"1303","E12000001","North East",2013,26000,"Mean"
"1304","E12000002","North West",2013,27300,"Mean"
"1305","E12000003","Yorkshire and The Humber",2013,26700,"Mean"
"1306","E12000004","East Midlands",2013,27600,"Mean"
"1307","E12000005","West Midlands",2013,27200,"Mean"
"1308","E12000006","East",2013,32700,"Mean"
"1309","E12000007","London",2013,43300,"Mean"
"1310","E12000008","South East",2013,35700,"Mean"
"1311","E12000009","South West",2013,28400,"Mean"
"1312","E92000001","England",2013,31900,"Mean"
"1313","W92000004","Wales",2013,25600,"Mean"
"1314","S92000003","Scotland",2013,29100,"Mean"
"1315","N92000002","Northern Ireland",2013,25600,"Mean"
"1316","K02000001","United Kingdom",2013,31300,"Mean"
